USE huskyDenDB;

INSERT INTO `SystemAdministrator` (`firstName`, `lastName`, `email`) VALUES
('Michael', 'Smith', 'michael.smith@huskyden.com'),
('Jessica', 'Johnson', 'jessica.johnson@huskyden.com'),
('Emily', 'Brown', 'emily.brown@huskyden.com'),
('Matthew', 'Williams', 'matthew.williams@huskyden.com'),
('Daniel', 'Jones', 'daniel.jones@huskyden.com'),
('Sarah', 'Garcia', 'sarah.garcia@huskyden.com'),
('Ashley', 'Martinez', 'ashley.martinez@huskyden.com'),
('Christopher', 'Rodriguez', 'chris.rodriguez@huskyden.com'),
('Amanda', 'Davis', 'amanda.davis@huskyden.com'),
('David', 'Hernandez', 'david.hernandez@huskyden.com'),
('Andrew', 'Moore', 'andrew.moore@huskyden.com'),
('Elizabeth', 'Taylor', 'elizabeth.taylor@huskyden.com'),
('James', 'Anderson', 'james.anderson@huskyden.com'),
('Megan', 'Thomas', 'megan.thomas@huskyden.com'),
('Joshua', 'Jackson', 'joshua.jackson@huskyden.com'),
('Lauren', 'White', 'lauren.white@huskyden.com'),
('Ryan', 'Harris', 'ryan.harris@huskyden.com'),
('Sophia', 'Martin', 'sophia.martin@huskyden.com'),
('Jacob', 'Thompson', 'jacob.thompson@huskyden.com'),
('Anna', 'Lopez', 'anna.lopez@huskyden.com'),
('Jonathan', 'Clark', 'jonathan.clark@huskyden.com'),
('Victoria', 'Lee', 'victoria.lee@huskyden.com'),
('Ethan', 'Walker', 'ethan.walker@huskyden.com'),
('Isabella', 'Hall', 'isabella.hall@huskyden.com'),
('Christopher', 'Allen', 'chris.allen@huskyden.com'),
('Abigail', 'Young', 'abigail.young@huskyden.com'),
('Alexander', 'King', 'alex.king@huskyden.com'),
('Grace', 'Wright', 'grace.wright@huskyden.com'),
('Lucas', 'Scott', 'lucas.scott@huskyden.com'),
('Olivia', 'Green', 'olivia.green@huskyden.com');

INSERT INTO `Alumni` (`firstName`, `lastName`, `email`, `company`, `city`, `adminID`) VALUES
('Aaron', 'Taylor', 'aaron.taylor@alumni.com', 'SmartGreen', 'San Francisco', 1),
('Lily', 'Cruz', 'lily.cruz@alumni.com', 'CloudSphere', 'Los Angeles', 2),
('Ethan', 'Ward', 'ethan.ward@alumni.com', 'BrightWorks', 'San Diego', 3),
('Zoe', 'Adkins', 'zoe.adkins@alumni.com', 'NextGen Solutions', 'Austin', 4),
('Victoria', 'Cole', 'victoria.cole@alumni.com', 'EcoLife', 'Denver', 5),
('Nathan', 'Baker', 'nathan.baker@alumni.com', 'BlueBridge', 'Chicago', 6),
('Chloe', 'Price', 'chloe.price@alumni.com', 'SolarNova', 'Seattle', 7),
('Benjamin', 'Carter', 'benjamin.carter@alumni.com', 'AlphaGrowth', 'Boston', 8),
('Sophia', 'Flores', 'sophia.flores@alumni.com', 'GreenFuture', 'Houston', 9),
('James', 'Brooks', 'james.brooks@alumni.com', 'BrightEnergy', 'Phoenix', 10),
('Scarlett', 'Powell', 'scarlett.powell@alumni.com', 'EcoVision', 'Philadelphia', 11),
('Charlotte', 'Morris', 'charlotte.morris@alumni.com', 'NextStep', 'Miami', 12),
('Avery', 'Diaz', 'avery.diaz@alumni.com', 'ProGrowth', 'Portland', 13),
('Liam', 'Rogers', 'liam.rogers@alumni.com', 'GreenNet', 'Atlanta', 14),
('Noah', 'Alexander', 'noah.alexander@alumni.com', 'VisionaryTech', 'New York', 15),
('Eleanor', 'Hayes', 'eleanor.hayes@alumni.com', 'EcoWorld', 'Dallas', 16),
('Grace', 'Jenkins', 'grace.jenkins@alumni.com', 'PureSolutions', 'Baltimore', 17),
('Isaac', 'Howard', 'isaac.howard@alumni.com', 'BrightStart', 'San Jose', 18),
('Emma', 'Hill', 'emma.hill@alumni.com', 'SolarEdge', 'Charlotte', 19),
('Alexander', 'Kelly', 'alexander.kelly@alumni.com', 'NextEra', 'Indianapolis', 20),
('Isabella', 'Watson', 'isabella.watson@alumni.com', 'BrightHorizons', 'Kansas City', 21),
('Aiden', 'Long', 'aiden.long@alumni.com', 'FutureNet', 'Columbus', 22),
('Liam', 'Stewart', 'liam.stewart@alumni.com', 'SolarBridge', 'Milwaukee', 23),
('Olivia', 'Rivera', 'olivia.rivera@alumni.com', 'BrightTech', 'Salt Lake City', 24),
('Lucas', 'Cook', 'lucas.cook@alumni.com', 'GreenWave', 'Orlando', 25),
('Sophia', 'Bell', 'sophia.bell@alumni.com', 'NextWave', 'Tampa', 26),
('Evelyn', 'Murphy', 'evelyn.murphy@alumni.com', 'AlphaNet', 'Minneapolis', 27),
('Mason', 'Griffin', 'mason.griffin@alumni.com', 'BrightFuture', 'Pittsburgh', 28),
('Chloe', 'Sanders', 'chloe.sanders@alumni.com', 'SolarWorks', 'Raleigh', 29),
('Zachary', 'Russell', 'zachary.russell@alumni.com', 'GreenEdge', 'Cleveland', 30),
('Michael', 'Smith', 'michael.smith@alumni.com', 'TechCorp', 'New York', 1),
('Jessica', 'Johnson', 'jessica.johnson@alumni.com', 'Innovate Ltd', 'Boston', 2),
('Emily', 'Brown', 'emily.brown@alumni.com', 'DataSoft', 'San Francisco', 3),
('Matthew', 'Williams', 'matthew.williams@alumni.com', 'GreenTech', 'Seattle', 4),
('Daniel', 'Jones', 'daniel.jones@alumni.com', 'EcoEnergy', 'Chicago', 5),
('Sarah', 'Garcia', 'sarah.garcia@alumni.com', 'NextGen Inc', 'Austin', 6),
('Ashley', 'Martinez', 'ashley.martinez@alumni.com', 'WebWare', 'Dallas', 7),
('Christopher', 'Rodriguez', 'chris.rodriguez@alumni.com', 'BuildRight', 'Denver', 8),
('Amanda', 'Davis', 'amanda.davis@alumni.com', 'BlueOcean', 'Los Angeles', 9),
('David', 'Hernandez', 'david.hernandez@alumni.com', 'AlphaBio', 'Miami', 10),
('Andrew', 'Moore', 'andrew.moore@alumni.com', 'SkyWorks', 'Phoenix', 11),
('Elizabeth', 'Taylor', 'elizabeth.taylor@alumni.com', 'CloudSync', 'Houston', 12),
('James', 'Anderson', 'james.anderson@alumni.com', 'ProNet', 'San Diego', 13),
('Megan', 'Thomas', 'megan.thomas@alumni.com', 'AgriMax', 'Atlanta', 14),
('Joshua', 'Jackson', 'joshua.jackson@alumni.com', 'TechWave', 'Orlando', 15),
('Lauren', 'White', 'lauren.white@alumni.com', 'FutureEdge', 'Pittsburgh', 16),
('Ryan', 'Harris', 'ryan.harris@alumni.com', 'EcoSolutions', 'Columbus', 17),
('Sophia', 'Martin', 'sophia.martin@alumni.com', 'NextPhase', 'Salt Lake City', 18),
('Jacob', 'Thompson', 'jacob.thompson@alumni.com', 'SolarSync', 'Tampa', 19),
('Anna', 'Lopez', 'anna.lopez@alumni.com', 'BrightPath', 'Nashville', 20),
('Jonathan', 'Clark', 'jonathan.clark@alumni.com', 'UrbanGrid', 'Baltimore', 21),
('Victoria', 'Lee', 'victoria.lee@alumni.com', 'GreenField', 'Minneapolis', 22),
('Ethan', 'Walker', 'ethan.walker@alumni.com', 'TechNova', 'Portland', 23),
('Isabella', 'Hall', 'isabella.hall@alumni.com', 'AquaVantage', 'Raleigh', 24),
('Christopher', 'Allen', 'chris.allen@alumni.com', 'PureTech', 'Kansas City', 25),
('Abigail', 'Young', 'abigail.young@alumni.com', 'BioWare', 'Indianapolis', 26),
('Alexander', 'King', 'alex.king@alumni.com', 'SmartHomes', 'Milwaukee', 27),
('Grace', 'Wright', 'grace.wright@alumni.com', 'SecureNet', 'Sacramento', 28),
('Lucas', 'Scott', 'lucas.scott@alumni.com', 'VisionTech', 'Charlotte', 29),
('Olivia', 'Green', 'olivia.green@alumni.com', 'AgriGen', 'Omaha', 30),
('Nathan', 'Hill', 'nathan.hill@alumni.com', 'HealthSync', 'Cleveland', 1),
('Emma', 'Adams', 'emma.adams@alumni.com', 'CodeWave', 'Richmond', 2),
('Zoe', 'Nelson', 'zoe.nelson@alumni.com', 'SmartEnergy', 'Anchorage', 3),
('Michael', 'Carter', 'michael.carter@alumni.com', 'BrightTech', 'Boise', 4),
('Sophia', 'Mitchell', 'sophia.mitchell@alumni.com', 'EcoGrow', 'Montgomery', 5),
('James', 'Perez', 'james.perez@alumni.com', 'GeoSystems', 'Albuquerque', 6),
('Lily', 'Roberts', 'lily.roberts@alumni.com', 'FutureLink', 'Charleston', 7),
('Benjamin', 'Evans', 'benjamin.evans@alumni.com', 'VisionEdge', 'Hartford', 8),
('Ella', 'Lewis', 'ella.lewis@alumni.com', 'AutoTech', 'Des Moines', 9),
('William', 'Collins', 'william.collins@alumni.com', 'SolarEdge', 'Little Rock', 10),
('Natalie', 'James', 'natalie.james@alumni.com', 'LifeWorks', 'Fresno', 11),
('Catherine', 'Perry', 'catherine.perry@alumni.com', 'SecureBio', 'Spokane', 12),
('Anthony', 'Griffin', 'anthony.griffin@alumni.com', 'NetWorld', 'Tulsa', 13),
('Hannah', 'Henderson', 'hannah.henderson@alumni.com', 'BlueWave', 'Honolulu', 14),
('Zachary', 'Foster', 'zachary.foster@alumni.com', 'BrightEnergy', 'Reno', 15),
('Chloe', 'Reed', 'chloe.reed@alumni.com', 'TechFusion', 'Augusta', 16),
('Brandon', 'Murphy', 'brandon.murphy@alumni.com', 'HealthLink', 'Shreveport', 17),
('Samantha', 'Sullivan', 'samantha.sullivan@alumni.com', 'GreenEnergy', 'Trenton', 18),
('Evelyn', 'Barnes', 'evelyn.barnes@alumni.com', 'InnovativeTech', 'Madison', 19),
('Noah', 'Bell', 'noah.bell@alumni.com', 'ProSync', 'Fort Worth', 20),
('Liam', 'Gonzalez', 'liam.gonzalez@alumni.com', 'BrightEco', 'Wichita', 21),
('Avery', 'Russell', 'avery.russell@alumni.com', 'TechEdge', 'Jacksonville', 22),
('Victoria', 'Bennett', 'victoria.bennett@alumni.com', 'LifeLink', 'St. Louis', 23),
('Charlotte', 'Bailey', 'charlotte.bailey@alumni.com', 'SolarTech', 'Birmingham', 24),
('Mason', 'Graves', 'mason.graves@alumni.com', 'NextWave', 'San Antonio', 25),
('Scarlett', 'Wright', 'scarlett.wright@alumni.com', 'CloudTech', 'Memphis', 26),
('Samuel', 'Cook', 'samuel.cook@alumni.com', 'BrightNet', 'El Paso', 27),
('Grace', 'Peterson', 'grace.peterson@alumni.com', 'GreenSys', 'Louisville', 28),
('Eleanor', 'Long', 'eleanor.long@alumni.com', 'HealthWave', 'Raleigh', 29),
('Benjamin', 'Campbell', 'benjamin.campbell@alumni.com', 'FutureBio', 'Portland', 30);

INSERT INTO `CoopAdvisor` (`firstName`, `lastName`, `email`, `adminID`) VALUES
('Aaron', 'Taylor', 'aaron.taylor@coop.com', 1),
('Lily', 'Cruz', 'lily.cruz@coop.com', 2),
('Ethan', 'Ward', 'ethan.ward@coop.com', 3),
('Zoe', 'Adkins', 'zoe.adkins@coop.com', 4),
('Victoria', 'Cole', 'victoria.cole@coop.com', 5),
('Nathan', 'Baker', 'nathan.baker@coop.com', 6),
('Chloe', 'Price', 'chloe.price@coop.com', 7),
('Benjamin', 'Carter', 'benjamin.carter@coop.com', 8),
('Sophia', 'Flores', 'sophia.flores@coop.com', 9),
('James', 'Brooks', 'james.brooks@coop.com', 10),
('Scarlett', 'Powell', 'scarlett.powell@coop.com', 11),
('Charlotte', 'Morris', 'charlotte.morris@coop.com', 12),
('Avery', 'Diaz', 'avery.diaz@coop.com', 13),
('Liam', 'Rogers', 'liam.rogers@coop.com', 14),
('Noah', 'Alexander', 'noah.alexander@coop.com', 15),
('Eleanor', 'Hayes', 'eleanor.hayes@coop.com', 16),
('Grace', 'Jenkins', 'grace.jenkins@coop.com', 17),
('Isaac', 'Howard', 'isaac.howard@coop.com', 18),
('Emma', 'Hill', 'emma.hill@coop.com', 19),
('Alexander', 'Kelly', 'alexander.kelly@coop.com', 20),
('Isabella', 'Watson', 'isabella.watson@coop.com', 21),
('Aiden', 'Long', 'aiden.long@coop.com', 22),
('Liam', 'Stewart', 'liam.stewart@coop.com', 23),
('Olivia', 'Rivera', 'olivia.rivera@coop.com', 24),
('Lucas', 'Cook', 'lucas.cook@coop.com', 25),
('Sophia', 'Bell', 'sophia.bell@coop.com', 26),
('Evelyn', 'Murphy', 'evelyn.murphy@coop.com', 27),
('Mason', 'Griffin', 'mason.griffin@coop.com', 28),
('Chloe', 'Sanders', 'chloe.sanders@coop.com', 29),
('Zachary', 'Russell', 'zachary.russell@coop.com', 30),
('Samantha', 'Foster', 'samantha.foster@coop.com', 1),
('Nathan', 'Parker', 'nathan.parker@coop.com', 2),
('Ella', 'Bennett', 'ella.bennett@coop.com', 3),
('William', 'Ross', 'william.ross@coop.com', 4),
('Scarlett', 'Reed', 'scarlett.reed@coop.com', 5),
('Benjamin', 'Walker', 'benjamin.walker@coop.com', 6),
('Charlotte', 'Gonzalez', 'charlotte.gonzalez@coop.com', 7),
('Ethan', 'Lopez', 'ethan.lopez@coop.com', 8),
('Avery', 'Edwards', 'avery.edwards@coop.com', 9),
('Nathan', 'Rogers', 'nathan.rogers@coop.com', 10);

INSERT INTO `Student` (`firstName`, `lastName`, `email`, `company`, `city`, `adminID`, `advisorID`) VALUES
('Aaron', 'Taylor', 'aaron.taylor@student.com', 'SmartGreen', 'New York', 1, 1),
('Lily', 'Cruz', 'lily.cruz@student.com', 'CloudSphere', 'Los Angeles', 2, 2),
('Ethan', 'Ward', 'ethan.ward@student.com', 'BrightWorks', 'Chicago', 3, 3),
('Zoe', 'Adkins', 'zoe.adkins@student.com', 'NextGen Solutions', 'Austin', 4, 4),
('Victoria', 'Cole', 'victoria.cole@student.com', 'EcoLife', 'San Diego', 5, 5),
('Nathan', 'Baker', 'nathan.baker@student.com', 'BlueBridge', 'Seattle', 6, 6),
('Chloe', 'Price', 'chloe.price@student.com', 'SolarNova', 'San Francisco', 7, 7),
('Benjamin', 'Carter', 'benjamin.carter@student.com', 'AlphaGrowth', 'Boston', 8, 8),
('Sophia', 'Flores', 'sophia.flores@student.com', 'GreenFuture', 'Houston', 9, 9),
('James', 'Brooks', 'james.brooks@student.com', 'BrightEnergy', 'Phoenix', 10, 10),
('Scarlett', 'Powell', 'scarlett.powell@student.com', 'EcoVision', 'Philadelphia', 11, 11),
('Charlotte', 'Morris', 'charlotte.morris@student.com', 'NextStep', 'Miami', 12, 12),
('Avery', 'Diaz', 'avery.diaz@student.com', 'ProGrowth', 'Portland', 13, 13),
('Liam', 'Rogers', 'liam.rogers@student.com', 'GreenNet', 'Atlanta', 14, 14),
('Noah', 'Alexander', 'noah.alexander@student.com', 'VisionaryTech', 'New York', 15, 15),
('Eleanor', 'Hayes', 'eleanor.hayes@student.com', 'EcoWorld', 'Dallas', 16, 16),
('Grace', 'Jenkins', 'grace.jenkins@student.com', 'PureSolutions', 'Baltimore', 17, 17),
('Isaac', 'Howard', 'isaac.howard@student.com', 'BrightStart', 'San Jose', 18, 18),
('Emma', 'Hill', 'emma.hill@student.com', 'SolarEdge', 'Charlotte', 19, 19),
('Alexander', 'Kelly', 'alexander.kelly@student.com', 'NextEra', 'Indianapolis', 20, 20),
('Isabella', 'Watson', 'isabella.watson@student.com', 'BrightHorizons', 'Kansas City', 21, 21),
('Aiden', 'Long', 'aiden.long@student.com', 'FutureNet', 'Columbus', 22, 22),
('Liam', 'Stewart', 'liam.stewart@student.com', 'SolarBridge', 'Milwaukee', 23, 23),
('Olivia', 'Rivera', 'olivia.rivera@student.com', 'BrightTech', 'Salt Lake City', 24, 24),
('Lucas', 'Cook', 'lucas.cook@student.com', 'GreenWave', 'Orlando', 25, 25),
('Sophia', 'Bell', 'sophia.bell@student.com', 'NextWave', 'Tampa', 26, 26),
('Evelyn', 'Murphy', 'evelyn.murphy@student.com', 'AlphaNet', 'Minneapolis', 27, 27),
('Mason', 'Griffin', 'mason.griffin@student.com', 'BrightFuture', 'Pittsburgh', 28, 28),
('Chloe', 'Sanders', 'chloe.sanders@student.com', 'SolarWorks', 'Raleigh', 29, 29),
('Zachary', 'Russell', 'zachary.russell@student.com', 'GreenEdge', 'Cleveland', 30, 30),
('Samantha', 'Foster', 'samantha.foster@student.com', 'FuturePath', 'Richmond', 1, 31),
('Nathan', 'Parker', 'nathan.parker@student.com', 'NextGrid', 'Anchorage', 2, 32),
('Ella', 'Bennett', 'ella.bennett@student.com', 'ProSolutions', 'Boise', 3, 33),
('William', 'Ross', 'william.ross@student.com', 'EcoStart', 'Augusta', 4, 34),
('Scarlett', 'Reed', 'scarlett.reed@student.com', 'VisionNova', 'Reno', 5, 35),
('Benjamin', 'Walker', 'benjamin.walker@student.com', 'BrightSystems', 'Shreveport', 6, 36),
('Charlotte', 'Gonzalez', 'charlotte.gonzalez@student.com', 'GreenCore', 'Trenton', 7, 37),
('Ethan', 'Lopez', 'ethan.lopez@student.com', 'FutureWave', 'Madison', 8, 38),
('Avery', 'Edwards', 'avery.edwards@student.com', 'ProEdge', 'Fort Worth', 9, 39),
('Nathan', 'Rogers', 'nathan.rogers@student.com', 'GreenWorks', 'Wichita', 10, 40),
('Ella', 'Mitchell', 'ella.mitchell@student.com', 'NextGen', 'Oklahoma City', 11, 1),
('Alexander', 'Phillips', 'alexander.phillips@student.com', 'BrightIdeas', 'San Antonio', 12, 2),
('Victoria', 'Morgan', 'victoria.morgan@student.com', 'GreenHorizons', 'Denver', 13, 3),
('Lucas', 'Watson', 'lucas.watson@student.com', 'FuturePath', 'Seattle', 14, 4),
('Isabella', 'Brooks', 'isabella.brooks@student.com', 'BrightTech', 'Salt Lake City', 15, 5),                                                                                                        ('Michael', 'Smith', 'michael.smith@student.com', 'TechCorp', 'New York', 1, 1),
('Jessica', 'Johnson', 'jessica.johnson@student.com', 'Innovate Ltd', 'Boston', 2, 2),
('Emily', 'Brown', 'emily.brown@student.com', 'DataSoft', 'San Francisco', 3, 3),
('Matthew', 'Williams', 'matthew.williams@student.com', 'GreenTech', 'Seattle', 4, 4),
('Daniel', 'Jones', 'daniel.jones@student.com', 'EcoEnergy', 'Chicago', 5, 5),
('Sarah', 'Garcia', 'sarah.garcia@student.com', 'NextGen Inc', 'Austin', 6, 6),
('Ashley', 'Martinez', 'ashley.martinez@student.com', 'WebWare', 'Dallas', 7, 7),
('Christopher', 'Rodriguez', 'chris.rodriguez@student.com', 'BuildRight', 'Denver', 8, 8),
('Amanda', 'Davis', 'amanda.davis@student.com', 'BlueOcean', 'Los Angeles', 9, 9),
('David', 'Hernandez', 'david.hernandez@student.com', 'AlphaBio', 'Miami', 10, 10),
('Andrew', 'Moore', 'andrew.moore@student.com', 'SkyWorks', 'Phoenix', 11, 11),
('Elizabeth', 'Taylor', 'elizabeth.taylor@student.com', 'CloudSync', 'Houston', 12, 12),
('James', 'Anderson', 'james.anderson@student.com', 'ProNet', 'San Diego', 13, 13),
('Megan', 'Thomas', 'megan.thomas@student.com', 'AgriMax', 'Atlanta', 14, 14),
('Joshua', 'Jackson', 'joshua.jackson@student.com', 'TechWave', 'Orlando', 15, 15),
('Lauren', 'White', 'lauren.white@student.com', 'FutureEdge', 'Pittsburgh', 16, 16),
('Ryan', 'Harris', 'ryan.harris@student.com', 'EcoSolutions', 'Columbus', 17, 17),
('Sophia', 'Martin', 'sophia.martin@student.com', 'NextPhase', 'Salt Lake City', 18, 18),
('Jacob', 'Thompson', 'jacob.thompson@student.com', 'SolarSync', 'Tampa', 19, 19),
('Anna', 'Lopez', 'anna.lopez@student.com', 'BrightPath', 'Nashville', 20, 20),
('Jonathan', 'Clark', 'jonathan.clark@student.com', 'UrbanGrid', 'Baltimore', 21, 21),
('Victoria', 'Lee', 'victoria.lee@student.com', 'GreenField', 'Minneapolis', 22, 22),
('Ethan', 'Walker', 'ethan.walker@student.com', 'TechNova', 'Portland', 23, 23),
('Isabella', 'Hall', 'isabella.hall@student.com', 'AquaVantage', 'Raleigh', 24, 24),
('Christopher', 'Allen', 'chris.allen@student.com', 'PureTech', 'Kansas City', 25, 25),
('Abigail', 'Young', 'abigail.young@student.com', 'BioWare', 'Indianapolis', 26, 26),
('Alexander', 'King', 'alex.king@student.com', 'SmartHomes', 'Milwaukee', 27, 27),
('Grace', 'Wright', 'grace.wright@student.com', 'SecureNet', 'Sacramento', 28, 28),
('Lucas', 'Scott', 'lucas.scott@student.com', 'VisionTech', 'Charlotte', 29, 29),
('Olivia', 'Green', 'olivia.green@student.com', 'AgriGen', 'Omaha', 30, 30),
('Nathan', 'Hill', 'nathan.hill@student.com', 'HealthSync', 'Cleveland', 1, 31),
('Emma', 'Adams', 'emma.adams@student.com', 'CodeWave', 'Richmond', 2, 32),
('Zoe', 'Nelson', 'zoe.nelson@student.com', 'SmartEnergy', 'Anchorage', 3, 33),
('Michael', 'Carter', 'michael.carter@student.com', 'BrightTech', 'Boise', 4, 34),
('Sophia', 'Mitchell', 'sophia.mitchell@student.com', 'EcoGrow', 'Montgomery', 5, 35),
('James', 'Perez', 'james.perez@student.com', 'GeoSystems', 'Albuquerque', 6, 36),
('Lily', 'Roberts', 'lily.roberts@student.com', 'FutureLink', 'Charleston', 7, 37),
('Benjamin', 'Evans', 'benjamin.evans@student.com', 'VisionEdge', 'Hartford', 8, 38),
('Ella', 'Lewis', 'ella.lewis@student.com', 'AutoTech', 'Des Moines', 9, 39),
('William', 'Collins', 'william.collins@student.com', 'SolarEdge', 'Little Rock', 10, 40);

INSERT INTO `Parent` (`relationshipToStudent`) VALUES
('Father'),
('Mother'),
('Guardian'),
('Stepmother'),
('Stepfather'),
('Grandparent'),
('Foster Parent'),
('Legal Guardian'),
('Adoptive Parent'),
('Father'),
('Mother'),
('Stepmother'),
('Stepfather'),
('Grandparent'),
('Foster Parent'),
('Legal Guardian'),
('Adoptive Parent'),
('Mother'),
('Father'),
('Grandparent'),
('Stepmother'),
('Guardian'),
('Stepfather'),
('Foster Parent'),
('Legal Guardian'),
('Adoptive Parent'),
('Mother'),
('Father'),
('Guardian'),
('Grandparent'),
('Stepfather'),
('Foster Parent'),
('Stepmother'),
('Adoptive Parent'),
('Legal Guardian'),
('Father'),
('Mother'),
('Guardian'),
('Stepfather'),
('Stepmother'),
('Grandparent'),
('Foster Parent'),
('Legal Guardian'),
('Mother'),
('Father'),
('Adoptive Parent'),
('Foster Parent'),
('Grandparent'),
('Stepmother'),
('Stepfather');

INSERT INTO `StudentParent` (`studentID`, `parentID`) VALUES
(15, 1),
(3, 11),
(49, 42),
(24, 30),
(8, 47),
(32, 28),
(18, 33),
(25, 8),
(5, 9),
(22, 14),
(46, 3),
(34, 12),
(41, 37),
(30, 15),
(45, 43),
(16, 19),
(11, 26),
(13, 5),
(31, 29),
(40, 20),
(6, 10),
(39, 6),
(21, 40),
(33, 41),
(28, 4),
(48, 2),
(17, 22),
(23, 16),
(10, 7),
(14, 18),
(20, 31),
(38, 21),
(42, 13),
(44, 27),
(9, 17),
(27, 35),
(29, 36),
(26, 24),
(4, 25),
(35, 23),
(2, 39),
(43, 34),
(1, 38),
(7, 32),
(12, 45),
(19, 44),
(47, 46),
(50, 48),
(36, 49);

INSERT INTO `Recommendation` (`alumID`, `establishment`, `category`, `location`, `priceRating`) VALUES
(1, 'Moore and Sons', 'Park', 'North Jose', 2),
(2, 'Roth-Henderson', 'Shopping Mall', 'Williamsport', 1),
(2, 'Frank, Robinson and Brown', 'Library', 'Tinabury', 5),
(4, 'Castillo-Lewis', 'Restaurant', 'Allisonmouth', 5),
(5, 'Jones Inc', 'Library', 'Jacksonside', 1),
(6, 'Walker-Morris', 'Cafe', 'South Jasonborough', 3),
(7, 'Martinez and Sons', 'Gym', 'Davidtown', 4),
(8, 'Brown-Moore', 'Park', 'West Kennethstad', 3),
(9, 'Adams-Williams', 'Shopping Mall', 'Lake Elizabeth', 5),
(10, 'Anderson and Associates', 'Library', 'Codytown', 2),
(11, 'Harris Ltd', 'Cafe', 'South Melissahaven', 4),
(12, 'Clark-Smith', 'Restaurant', 'Lake Nancyborough', 5),
(13, 'Smith-Wilson', 'Gym', 'Jenniferbury', 3),
(14, 'Thompson-Gomez', 'Park', 'New Craigchester', 1),
(15, 'Garcia LLC', 'Shopping Mall', 'North Ronald', 2),
(16, 'King-Robinson', 'Library', 'West Brianport', 3),
(17, 'Campbell Group', 'Cafe', 'Port Jeffrey', 4),
(18, 'Rodriguez, Foster and Brown', 'Restaurant', 'North Peter', 5),
(19, 'Perez Inc', 'Gym', 'East Michelle', 1),
(20, 'Phillips-Jackson', 'Park', 'New Jenniferton', 4),
(21, 'White, Hughes and Hernandez', 'Shopping Mall', 'Hannahview', 3),
(22, 'Gonzalez Ltd', 'Library', 'Sarahborough', 2),
(23, 'Evans-Ross', 'Cafe', 'South Charlesview', 5),
(24, 'Wilson-Adams', 'Restaurant', 'Port Kimberlyland', 4),
(25, 'Wood, Gray and Edwards', 'Gym', 'South Kristinstad', 2),
(26, 'Nelson and Sons', 'Park', 'South Paulchester', 3),
(27, 'Baker LLC', 'Shopping Mall', 'West Sydney', 4),
(28, 'Johnson-Johnson', 'Library', 'New Laura', 5),
(29, 'Carter Inc', 'Cafe', 'East Michaelton', 3),
(30, 'Lopez Group', 'Restaurant', 'Lake Benjamin', 1),
(31, 'Hernandez-Campbell', 'Gym', 'East Nicole', 2),
(32, 'Diaz Ltd', 'Park', 'South Kevin', 4),
(33, 'Powell-Price', 'Shopping Mall', 'Port Gabriellaberg', 3),
(34, 'Parker LLC', 'Library', 'Lake Michelemouth', 5),
(35, 'Brooks-Collins', 'Cafe', 'New Katie', 4),
(36, 'Kelly-James', 'Restaurant', 'North Markfort', 2),
(37, 'Sanders LLC', 'Gym', 'Port Sarahville', 3),
(38, 'Morris-Cruz', 'Park', 'East Tammyville', 4),
(39, 'Mitchell-Watson', 'Shopping Mall', 'West Lauraborough', 5),
(40, 'Reed LLC', 'Library', 'New Donaldstad', 2);

INSERT INTO `Performance` (`metricName`, `value`, `adminID`) VALUES
('System Uptime (%)', 99, 1),
('Average Response Time (ms)', 200, 2),
('Task Completion Rate (%)', 95, 3),
('Error Rate (%)', 2, 4),
('System Downtime (mins)', 10, 5),
('Database Query Efficiency (%)', 92, 6),
('API Call Success Rate (%)', 98, 7),
('Memory Usage (%)', 75, 8),
('CPU Load (%)', 60, 9),
('Cache Hit Rate (%)', 85, 10),
('Disk Space Utilization (%)', 70, 11),
('Network Latency (ms)', 50, 12),
('Active Users Count', 1500, 13),
('Processed Transactions Count', 12000, 14),
('Failed Transactions Count', 15, 15),
('Service Availability (%)', 99, 16),
('Backup Success Rate (%)', 97, 17),
('Concurrent Users Capacity', 5000, 18),
('Average Data Retrieval Time (ms)', 150, 19),
('Log File Size (MB)', 300, 20),
('Peak Hour Traffic (%)', 80, 21),
('Critical Incidents Count', 2, 22),
('Task Queues Length', 120, 23),
('System Upgrade Time (mins)', 30, 24),
('Integration Success Rate (%)', 94, 25),
('Average Write Time (ms)', 250, 26),
('Session Timeout Events Count', 5, 27),
('Average Session Duration (mins)', 15, 28),
('System Restore Time (mins)', 20, 29),
('Data Transfer Speed (MB/s)', 100, 30),
('Database Connection Errors Count', 1, 1),
('Service Request Time (ms)', 220, 2),
('Scheduled Maintenance Time (mins)', 45, 3),
('Real-Time Data Processing (%)', 90, 4),
('Background Task Completion (%)', 87, 5),
('Redundancy Success Rate (%)', 96, 6),
('Error Logs Size (MB)', 250, 7),
('Performance Alerts Count', 10, 8),
('Network Packet Loss (%)', 1, 9),
('System Overload Incidents Count', 0, 10),
('Average Disk I/O Speed (MB/s)', 120, 11),
('Daily Backup Volume (GB)', 150, 12),
('User Session Errors Count', 3, 13),
('System Rollback Time (mins)', 25, 14),
('Response Time Deviation (ms)', 15, 15),
('Transaction Processing Speed (ms)', 80, 16),
('Database Indexing Efficiency (%)', 93, 17),
('Application Crashes Count', 1, 18),
('Total API Calls Processed', 20000, 19),
('Successful API Responses (%)', 98, 20);

INSERT INTO `Updates` (`updateName`, `updateDescription`, `adminID`) VALUES
('Database Optimization', 'Improved database query efficiency by indexing key tables.', 1),
('System Uptime Patch', 'Fixed a bug causing unexpected downtime in high traffic hours.', 2),
('UI Enhancement', 'Updated the dashboard layout for improved usability.', 3),
('Security Update', 'Patched vulnerabilities in user authentication module.', 4),
('API Rate Limiting', 'Implemented API rate limiting to handle traffic spikes.', 5),
('Backup System Upgrade', 'Enhanced backup mechanisms for faster recovery times.', 6),
('Load Balancer Configuration', 'Optimized load balancer for better resource distribution.', 7),
('Log Monitoring Tool', 'Deployed a real-time log monitoring solution.', 8),
('Performance Metrics Update', 'Improved accuracy of system performance reporting.', 9),
('Network Latency Reduction', 'Decreased network latency by optimizing routes.', 10),
('Error Logging Update', 'Enhanced error logging for quicker issue diagnosis.', 11),
('Cache Mechanism Improvement', 'Increased cache hit rate by adjusting configurations.', 12),
('Redundancy System Update', 'Improved redundancy protocols for better failover support.', 13),
('Task Queue Optimization', 'Reduced task queue lengths by balancing workloads.', 14),
('Database Connection Pooling', 'Implemented connection pooling to enhance performance.', 15),
('System Notifications Update', 'Added more detailed system notifications for users.', 16),
('Backup Compression', 'Enabled compression to save space on daily backups.', 17),
('Critical Alerts System', 'Set up alerts for critical incidents and response tracking.', 18),
('Real-Time Analytics', 'Introduced real-time analytics for user interactions.', 19),
('System Scaling Improvements', 'Enhanced scalability to support more concurrent users.', 20),
('API Versioning', 'Introduced API versioning for backward compatibility.', 21),
('Cloud Migration', 'Migrated key services to cloud infrastructure for reliability.', 22),
('Session Management', 'Improved session timeout handling for user security.', 23),
('Data Encryption Upgrade', 'Upgraded encryption algorithms for sensitive data.', 24),
('Error Handling Update', 'Implemented fallback mechanisms for critical processes.', 25),
('System Maintenance Tools', 'Deployed new tools for easier system maintenance.', 26),
('Network Security Update', 'Installed firewalls to prevent unauthorized access.', 27),
('Data Retention Policy Update', 'Optimized data retention policies for compliance.', 28),
('User Feedback Integration', 'Added feedback loop to improve system features.', 29),
('Mobile App Compatibility', 'Enhanced compatibility for mobile app integrations.', 30);

INSERT INTO `AlumAdvisor` (`alumID`, `advisorID`) VALUES
(1, 1),
(2, 2),
(3, 3),
(4, 4),
(5, 5),
(6, 6),
(7, 7),
(8, 8),
(9, 9),
(10, 10),
(11, 11),
(12, 12),
(13, 13),
(14, 14),
(15, 15),
(16, 16),
(17, 17),
(18, 18),
(19, 19),
(20, 20),
(21, 21),
(22, 22),
(23, 23),
(24, 24),
(25, 25),
(26, 26),
(27, 27),
(28, 28),
(29, 29),
(30, 30),
(31, 31),
(32, 32),
(33, 33),
(34, 34),
(35, 35),
(36, 36),
(37, 37),
(38, 38),
(39, 39),
(40, 40),
(41, 1),
(42, 2),
(43, 3),
(44, 4),
(45, 5),
(46, 6),
(47, 7),
(48, 8),
(49, 9),
(50, 10);

INSERT INTO `AlumStudent` (`nuID`, `alumID`) VALUES
(1, 1),
(2, 2),
(3, 3),
(4, 4),
(5, 5),
(6, 6),
(7, 7),
(8, 8),
(9, 9),
(10, 10),
(11, 11),
(12, 12),
(13, 13),
(14, 14),
(15, 15),
(16, 16),
(17, 17),
(18, 18),
(19, 19),
(20, 20),
(21, 21),
(22, 22),
(23, 23),
(24, 24),
(25, 25),
(26, 26),
(27, 27),
(28, 28),
(29, 29),
(30, 30),
(31, 31),
(32, 32),
(33, 33),
(34, 34),
(35, 35),
(36, 36),
(37, 37),
(38, 38),
(39, 39),
(40, 40),
(41, 41),
(42, 42),
(43, 43),
(44, 44),
(45, 45),
(46, 46),
(47, 47),
(48, 48),
(49, 49),
(50, 50),
(51, 1),
(52, 2),
(53, 3),
(54, 4),
(55, 5),
(56, 6),
(57, 7),
(58, 8),
(59, 9),
(60, 10),
(61, 11),
(62, 12),
(63, 13),
(64, 14),
(65, 15),
(66, 16),
(67, 17),
(68, 18),
(69, 19),
(70, 20),
(71, 21),
(72, 22),
(73, 23),
(74, 24),
(75, 25),
(76, 26),
(77, 27),
(78, 28),
(79, 29),
(80, 30),
(81, 31),
(82, 32),
(83, 33),
(84, 34),
(85, 35),
(86, 36),
(87, 37),
(88, 38),
(89, 39),
(90, 40),
(91, 41),
(92, 42),
(93, 43),
(94, 44),
(95, 45),
(96, 46),
(97, 47),
(98, 48),
(99, 49),
(100, 50);

INSERT INTO `Recommendation` (`alumID`, `establishment`, `category`, `location`, `priceRating`) VALUES
(1, 'Moore and Sons', 'Park', 'North Jose', 2),
(2, 'Roth-Henderson', 'Shopping Mall', 'Williamsport', 1),
(2, 'Frank, Robinson and Brown', 'Library', 'Tinabury', 5),
(4, 'Castillo-Lewis', 'Restaurant', 'Allisonmouth', 5),
(5, 'Jones Inc', 'Library', 'Jacksonside', 1),
(6, 'Walker-Morris', 'Cafe', 'South Jasonborough', 3),
(7, 'Martinez and Sons', 'Gym', 'Davidtown', 4),
(8, 'Brown-Moore', 'Park', 'West Kennethstad', 3),
(9, 'Adams-Williams', 'Shopping Mall', 'Lake Elizabeth', 5),
(10, 'Anderson and Associates', 'Library', 'Codytown', 2),
(11, 'Harris Ltd', 'Cafe', 'South Melissahaven', 4),
(12, 'Clark-Smith', 'Restaurant', 'Lake Nancyborough', 5),
(13, 'Smith-Wilson', 'Gym', 'Jenniferbury', 3),
(14, 'Thompson-Gomez', 'Park', 'New Craigchester', 1),
(15, 'Garcia LLC', 'Shopping Mall', 'North Ronald', 2),
(16, 'King-Robinson', 'Library', 'West Brianport', 3),
(17, 'Campbell Group', 'Cafe', 'Port Jeffrey', 4),
(18, 'Rodriguez, Foster and Brown', 'Restaurant', 'North Peter', 5),
(19, 'Perez Inc', 'Gym', 'East Michelle', 1),
(20, 'Phillips-Jackson', 'Park', 'New Jenniferton', 4),
(21, 'White, Hughes and Hernandez', 'Shopping Mall', 'Hannahview', 3),
(22, 'Gonzalez Ltd', 'Library', 'Sarahborough', 2),
(23, 'Evans-Ross', 'Cafe', 'South Charlesview', 5),
(24, 'Wilson-Adams', 'Restaurant', 'Port Kimberlyland', 4),
(25, 'Wood, Gray and Edwards', 'Gym', 'South Kristinstad', 2),
(26, 'Nelson and Sons', 'Park', 'South Paulchester', 3),
(27, 'Baker LLC', 'Shopping Mall', 'West Sydney', 4),
(28, 'Johnson-Johnson', 'Library', 'New Laura', 5),
(29, 'Carter Inc', 'Cafe', 'East Michaelton', 3),
(30, 'Lopez Group', 'Restaurant', 'Lake Benjamin', 1),
(31, 'Hernandez-Campbell', 'Gym', 'East Nicole', 2),
(32, 'Diaz Ltd', 'Park', 'South Kevin', 4),
(33, 'Powell-Price', 'Shopping Mall', 'Port Gabriellaberg', 3),
(34, 'Parker LLC', 'Library', 'Lake Michelemouth', 5),
(35, 'Brooks-Collins', 'Cafe', 'New Katie', 4),
(36, 'Kelly-James', 'Restaurant', 'North Markfort', 2),
(37, 'Sanders LLC', 'Gym', 'Port Sarahville', 3),
(38, 'Morris-Cruz', 'Park', 'East Tammyville', 4),
(39, 'Mitchell-Watson', 'Shopping Mall', 'West Lauraborough', 5),
(40, 'Reed LLC', 'Library', 'New Donaldstad', 2);